uid,source,level,native_id,label,label_type,rel_path,filename,bytes,sha256,duration_sec,width,height,fps,vcodec,acodec,category_th,content_type_th,parts_of_speech_th,definition_th,synonyms_th,signer_gender_th,signer_creator,reference_book_th,channel,channel_id,upload_date,subtitle_files,source_page,discovered_at,completed_at
yt:-8upRSO69OQ,youtube,sentence,-8upRSO69OQ,ภาษามือเบื้องต้น เลข 1-100,title,raw_data/sentence_level/youtube_sentence/yt_-8upRSO69OQ.mp4,yt_-8upRSO69OQ.mp4,70151810,5c6ec93430dc933fe3162391e7467deb8040c655d6273b578d780dbc2ee2ff77,620.809,1280,720,30.0,h264,aac,,,,,,,,,ลูกแท้ๆของแม่คือแมว ฉันแค่ถูกเก็บมาเลี้ยง,UC-I5CNsNZeXS_lpFtFvJrrA,,,https://www.youtube.com/watch?v=-8upRSO69OQ,2026-09-09T18:48:41Z,2026-09-12T21:11:26Z
yt:-UGu4KXVGY8,youtube,sentence,-UGu4KXVGY8,ภาษามือไทยในชีวิตประจำวัน/หมวดกิริยาอาการ/ดุด่า,title,raw_data/sentence_level/youtube_sentence/yt_-UGu4KXVGY8.mp4,yt_-UGu4KXVGY8.mp4,297261,a13d2df16b6f25d561617477e63b9848b033b94ed5ce13cdb8d5ac5a8fa13d03,4.133,1280,720,29.97,h264,aac,,,,,,,,,Anuchit Jampamoon,UC4l_sGL278g-ZMMD2qmWU3Q,,,https://www.youtube.com/watch?v=-UGu4KXVGY8,2026-09-09T18:48:17Z,2026-09-12T21:06:20Z
yt:1136HF3tFcs,youtube,sentence,1136HF3tFcs,ภาษามือไทยในชีวิตประจำวัน/หมวดกิริยาอาการ/ช่วย,title,raw_data/sentence_level/youtube_sentence/yt_1136HF3tFcs.mp4,yt_1136HF3tFcs.mp4,351089,1405513bc4f5b159602e577eed963d58084ee7d0f4b89a89a3069091ca8e947d,5.062,1280,720,29.97,h264,aac,,,,,,,,,Anuchit Jampamoon,UC4l_sGL278g-ZMMD2qmWU3Q,,,https://www.youtube.com/watch?v=1136HF3tFcs,2026-09-09T18:48:41Z,2026-09-12T21:14:27Z
yt:2Cuy3NT1DFo,youtube,sentence,2Cuy3NT1DFo,"ภาษามือเบื้องต้น EP.2 การนับเลขหลัก 100-1,000,000 #ภาษามือ",title,raw_data/sentence_level/youtube_sentence/yt_2Cuy3NT1DFo.mp4,yt_2Cuy3NT1DFo.mp4,9449804,1aef19ba594cd7fa4a2aab8ef8f6fd3fa20e1435417f343798db8fe538b01250,76.324,1280,720,30.0,h264,aac,,,,,,,,,ลูกแท้ๆของแม่คือแมว ฉันแค่ถูกเก็บมาเลี้ยง,UC-I5CNsNZeXS_lpFtFvJrrA,,,https://www.youtube.com/watch?v=2Cuy3NT1DFo,2026-09-09T18:48:17Z,2026-09-12T21:09:40Z
yt:4M0zJMDc9y8,youtube,sentence,4M0zJMDc9y8,ภาษามือไทยในชีวิตประจำวัน/หมวดกิริยาอาการ/นอนไม่หลับ,title,raw_data/sentence_level/youtube_sentence/yt_4M0zJMDc9y8.mp4,yt_4M0zJMDc9y8.mp4,439620,835559a77b5932d9c0f2088f1ad85b5f32e59cdf551bada7b0e09e3784f297fa,7.105,1280,720,29.97,h264,aac,,,,,,,,,Anuchit Jampamoon,UC4l_sGL278g-ZMMD2qmWU3Q,,,https://www.youtube.com/watch?v=4M0zJMDc9y8,2026-09-09T18:48:17Z,2026-09-12T21:03:17Z
yt:4OEgdsd96O8,youtube,sentence,4OEgdsd96O8,ภาษามือ: ภาษาที่น่าทึ่งกว่าที่คนคิด,title,raw_data/sentence_level/youtube_sentence/yt_4OEgdsd96O8.mp4,yt_4OEgdsd96O8.mp4,16883961,84b0abca9ba2e1dab4acb917722c35d51b1e3b8caa879d05f3eaf152ee538b29,385.057,1280,720,24.0,av1,aac,,,,,,,,,พูด,UCyCIbjGN84Xy2OEy8SSA6zQ,,,https://www.youtube.com/watch?v=4OEgdsd96O8,2026-09-09T18:48:17Z,2026-09-12T20:56:29Z
yt:4RNADJ_KIac,youtube,sentence,4RNADJ_KIac,ภาษามือท่าเบื้องต้นสำหรับใช้ในชีวิตประจำวัน,title,raw_data/sentence_level/youtube_sentence/yt_4RNADJ_KIac.mp4,yt_4RNADJ_KIac.mp4,32595689,0a8096ab98063a8186603fd6590d7ef075adbd432cfa1275f70bd8dc4988e281,279.429,1280,720,25.0,h264,aac,,,,,,,,,Nattanan Nontasila,UC20Z6NTzpRjbO7ncv-Y2PUA,,,https://www.youtube.com/watch?v=4RNADJ_KIac,2026-09-09T18:48:17Z,2026-09-12T21:05:16Z
yt:5TvGHnSsZ8Y,youtube,sentence,5TvGHnSsZ8Y,การสื่อสาร เรียนรู้ภาษามือ,title,raw_data/sentence_level/youtube_sentence/yt_5TvGHnSsZ8Y.mp4,yt_5TvGHnSsZ8Y.mp4,12254395,6e40443174fd3ed0138c819a51c8bebf5c5305a3d3e6990355fb8a26e286d68a,47.508,1280,720,25.0,h264,aac,,,,,,,,,Kongfawattanawit,UCkvAoi4j9CBQMtr6sXMuwOA,,,https://www.youtube.com/watch?v=5TvGHnSsZ8Y,2026-09-09T18:48:17Z,2026-09-12T20:57:54Z
yt:5lb4FpKrgXE,youtube,sentence,5lb4FpKrgXE,ภาษามือไทยในชีวิตประจำวัน/หมวดกิริยาอาการ/ปัสสาวะ,title,raw_data/sentence_level/youtube_sentence/yt_5lb4FpKrgXE.mp4,yt_5lb4FpKrgXE.mp4,256072,23ec981486285499ef7e5dfd5811e4e3b7e06be47c5612d5e90c19c2debc4a03,4.133,1280,720,29.97,h264,aac,,,,,,,,,Anuchit Jampamoon,UC4l_sGL278g-ZMMD2qmWU3Q,,,https://www.youtube.com/watch?v=5lb4FpKrgXE,2026-09-09T18:48:17Z,2026-09-12T21:06:01Z
yt:5onffcr42pA,youtube,sentence,5onffcr42pA,ภาษามือไทยในชีวิตประจำวัน/หมวดกิริยาอาการ/ขับรถยนต์,title,raw_data/sentence_level/youtube_sentence/yt_5onffcr42pA.mp4,yt_5onffcr42pA.mp4,349595,9e1a95287db91bb19a9ab8547af06974ed677e74456cf52cdd573bcfeb9ef8d2,5.132,1280,720,29.97,h264,aac,,,,,,,,,อนุชิต จำปามูล,UCa1imDru9J8Y7UBlHzPZIdQ,,,https://www.youtube.com/watch?v=5onffcr42pA,2026-09-09T18:48:17Z,2026-09-12T21:09:36Z
yt:6Bm2fMF76C0,youtube,sentence,6Bm2fMF76C0,การสอนภาษามือ ด้วยประโยคคำว่า ช่วยหยิบกระดาษให้ฉันหน่อยได้ไหม,title,raw_data/sentence_level/youtube_sentence/yt_6Bm2fMF76C0.mp4,yt_6Bm2fMF76C0.mp4,8946118,854571d3061096beecec2cfde209b92b010d46e6b909db451e91ad8a6aa0c8a7,130.891,1280,720,23.976,h264,aac,,,,,,,,,130 ศิริญญา ธรรมมุสา,UCY1sJ3jEFme_ax_58i0qWrA,,,https://www.youtube.com/watch?v=6Bm2fMF76C0,2026-09-09T18:48:17Z,2026-09-12T20:57:51Z
yt:Co59HLoWKPo,youtube,sentence,Co59HLoWKPo,ภาษามือไทยในชีวิตประจำวัน/หมวดกิริยาอาการ/นอนหลับ,title,raw_data/sentence_level/youtube_sentence/yt_Co59HLoWKPo.mp4,yt_Co59HLoWKPo.mp4,429863,b991f9ef8f053c186e56c6f1a690980b420faa2b625450cd0c56e98bc59f2d28,7.105,1280,720,29.97,h264,aac,,,,,,,,,Anuchit Jampamoon,UC4l_sGL278g-ZMMD2qmWU3Q,,,https://www.youtube.com/watch?v=Co59HLoWKPo,2026-09-09T18:48:17Z,2026-09-12T21:03:47Z
yt:EpsmhgqxVGI,youtube,sentence,EpsmhgqxVGI,คุยกันภาษามือ EP.3 ฝึกคุยภาษามือเป็นประโยคพื้นฐานสั้นๆง่ายๆ,title,raw_data/sentence_level/youtube_sentence/yt_EpsmhgqxVGI.mp4,yt_EpsmhgqxVGI.mp4,75044074,c08ac48e3afc01d07104b0cacfb3e1fc2985e99c6bd303dc999005fe6833cf49,477.82,1280,720,30.0,h264,aac,,,,,,,,,คุยกันภาษามือ,UCQ43NPrD3BMtW3xb9m6n1dg,,,https://www.youtube.com/watch?v=EpsmhgqxVGI,2026-09-09T18:48:17Z,2026-09-12T20:59:20Z
yt:ErfR_fJjDAQ,youtube,sentence,ErfR_fJjDAQ,ภาษามือง่ายง่าย EP02 เป็นแฟนกันนะ,title,raw_data/sentence_level/youtube_sentence/yt_ErfR_fJjDAQ.mp4,yt_ErfR_fJjDAQ.mp4,3748613,465f01c96d92b4d071c8c63b9807e24e58db8701eeca44b8652833f49cd574d3,56.355,1280,720,25.0,h264,aac,,,,,,,,,bluerollingdot.org,UC7rR0rE0ADoFthHY6IkebLw,,,https://www.youtube.com/watch?v=ErfR_fJjDAQ,2026-09-09T18:48:17Z,2026-09-12T21:10:12Z
yt:Flw8iOESlsc,youtube,sentence,Flw8iOESlsc,คุยภาษามือกับพี่แฟนคลับน่ารักมาก~,title,raw_data/sentence_level/youtube_sentence/yt_Flw8iOESlsc.mp4,yt_Flw8iOESlsc.mp4,64106140,a940cf48813d92763096361a5ca2c86ee6713cd28e998c4e65f2607572af7a86,142.826,1280,720,59.9401,h264,aac,,,,,,,,,Kaykai Salaider,UCdLGCJcIGu5ExzYN6CXtkIw,,,https://www.youtube.com/watch?v=Flw8iOESlsc,2026-09-09T18:48:17Z,2026-09-12T20:57:16Z
yt:GbVb_huyKhU,youtube,sentence,GbVb_huyKhU,พม. เปิดให้ดาวน์โหลดแล้ว สติกเกอร์ไลน์ภาษามือครั้งแรก,title,raw_data/sentence_level/youtube_sentence/yt_GbVb_huyKhU.mp4,yt_GbVb_huyKhU.mp4,4743335,eb3e15502645ddecec2fe77af109d620f9f460775076acdc48035a718fed9960,82.663,640,344,30.0002,vp9,aac,,,,,,,,,กระทรวงการพัฒนาสังคมและความมั่นคงของมนุษย์,UCXg4aiWwmAwVBlABHeXkG0A,,,https://www.youtube.com/watch?v=GbVb_huyKhU,2026-09-09T18:48:41Z,2026-09-12T21:11:49Z
yt:HVMwh94LrNk,youtube,sentence,HVMwh94LrNk,ภาษามือ ยานพาหนะ ตอนที่ 2,title,raw_data/sentence_level/youtube_sentence/yt_HVMwh94LrNk.mp4,yt_HVMwh94LrNk.mp4,17408556,e61a425512605b2cd984ff936f2e006b5ec44621924de80e6c958860a5bdb143,189.382,854,480,30.0,h264,aac,,,,,,,,,Sotpattana “โรงเรียนอนุบาลโสตพัฒนา”,UC8Pf1j2exNQBtAlGDK-dqug,,,https://www.youtube.com/watch?v=HVMwh94LrNk,2026-09-09T18:48:41Z,2026-09-12T21:13:23Z
yt:HVOOtnpnngI,youtube,sentence,HVOOtnpnngI,ภาษามือ เพลง สักวันหนึ่ง,title,raw_data/sentence_level/youtube_sentence/yt_HVOOtnpnngI.mp4,yt_HVOOtnpnngI.mp4,37562646,540fea889241dc6120015f962822c1ae4a772abd5c1ec06f8d9f4f6c42bda856,205.589,1280,720,30.0,h264,aac,,,,,,,,,leechun,UC2PAmuhjrbMA_x5NGG5Tt3A,,,https://www.youtube.com/watch?v=HVOOtnpnngI,2026-09-09T18:48:17Z,2026-09-12T21:09:10Z
yt:HuDtMv3b_z0,youtube,sentence,HuDtMv3b_z0,มารู้จักการใช้ภาษามือในชีวิตประจำกัน ง่ายๆใน 5 นาที,title,raw_data/sentence_level/youtube_sentence/yt_HuDtMv3b_z0.mp4,yt_HuDtMv3b_z0.mp4,55299222,f01c5e1a1ef67b163f70780f6e76fe8791aff41fd86e1ac20462de0380d12f28,290.064,1280,720,60.0,h264,aac,,,,,,,,,Pond,UCoLfLu8fv07p6MO0rXoM-5g,,,https://www.youtube.com/watch?v=HuDtMv3b_z0,2026-09-09T18:48:17Z,2026-09-12T21:01:30Z
yt:HvCx9XT-aLw,youtube,sentence,HvCx9XT-aLw,ภาษามือ Ep.2 พวกเราก็รู้ หมวดหมู่อักษรภาษาอังกฤษ,title,raw_data/sentence_level/youtube_sentence/yt_HvCx9XT-aLw.mp4,yt_HvCx9XT-aLw.mp4,40276012,70fbfd46f54d98944b2b3d6a70335f23cff2622cf4586a4162babb15db98c145,275.273,1280,720,50.0,h264,aac,,,,,,,,,Learn Sign Lang,UCiHEfoP7wm4u72155nYnDnw,,,https://www.youtube.com/watch?v=HvCx9XT-aLw,2026-09-09T18:48:17Z,2026-09-12T21:00:31Z
yt:HzmPleuTsYo,youtube,sentence,HzmPleuTsYo,ภาษามือ EP.05 ไม่สบาย | Geng's Diary,title,raw_data/sentence_level/youtube_sentence/yt_HzmPleuTsYo.mp4,yt_HzmPleuTsYo.mp4,30130043,740731757fc37201bbf956cba139445a685b837d840855b46764a3cb39d52213,527.186,640,360,30.0,vp9,aac,,,,,,,,,Geng's Diary,UCP1dLp66Y4tsbs0I4_Ko6vg,,,https://www.youtube.com/watch?v=HzmPleuTsYo,2026-09-09T18:48:41Z,2026-09-12T21:12:46Z
yt:KEadstkqF9c,youtube,sentence,KEadstkqF9c,ภาษามือ การทักทาย,title,raw_data/sentence_level/youtube_sentence/yt_KEadstkqF9c.mp4,yt_KEadstkqF9c.mp4,4713253,f39c4249e376ef654e4fd3e245f139d935ddd6b3056075677325ca78fbab67e5,98.685,640,360,30.0,h264,aac,,,,,,,,,สถิตย์ แพรลาย,UCL3hbI2yDW1Dc001YdrqgYw,,,https://www.youtube.com/watch?v=KEadstkqF9c,2026-09-09T18:48:17Z,2026-09-12T21:05:38Z
yt:LngokCiAYRY,youtube,sentence,LngokCiAYRY,ภาษามือไทยในชีวิตประจำวัน/หมวดกิริยาอาการ/บอกลา,title,raw_data/sentence_level/youtube_sentence/yt_LngokCiAYRY.mp4,yt_LngokCiAYRY.mp4,272778,471697e33ada7e66a242382f9f0f0c4c207368ccb1f9c75777174ef0954575ce,5.132,1280,720,29.97,h264,aac,,,,,,,,,Anuchit Jampamoon,UC4l_sGL278g-ZMMD2qmWU3Q,,,https://www.youtube.com/watch?v=LngokCiAYRY,2026-09-09T18:48:17Z,2026-09-12T21:04:25Z
yt:M9f-dRP-Drk,youtube,sentence,M9f-dRP-Drk,ภาษามือไทยในชีวิตประจำวัน/หมวดร่างกาย/หูหนวก,title,raw_data/sentence_level/youtube_sentence/yt_M9f-dRP-Drk.mp4,yt_M9f-dRP-Drk.mp4,269241,bb207eeae6fa908019fa69f3317036d34fd1f127b8f580e4c695873fe14ce048,4.133,1280,720,29.97,h264,aac,,,,,,,,,อนุชิต จำปามูล,UCa1imDru9J8Y7UBlHzPZIdQ,,,https://www.youtube.com/watch?v=M9f-dRP-Drk,2026-09-09T18:48:17Z,2026-09-12T21:05:15Z
yt:MlaXug-rdA0,youtube,sentence,MlaXug-rdA0,ภาษามือ เรื่อง สิ่งของที่ใช้ในชีวิตประจำวัน #สำหรับการสอนนักเรียนที่มีความบกพร่องการได้ยิน,title,raw_data/sentence_level/youtube_sentence/yt_MlaXug-rdA0.mp4,yt_MlaXug-rdA0.mp4,36964938,e7086f81f6d02bd6465292ad73ea9fa7e02e64ca150708b65014cc04ca27c76f,230.156,1280,720,29.97,h264,aac,,,,,,,,,ศูนย์การศึกษาพิเศษ ประจําจังหวัดนราธิวาส SPC-NARA EDU,UChIg06f3D1jgk6lv5hnZjjA,,,https://www.youtube.com/watch?v=MlaXug-rdA0,2026-09-09T18:48:17Z,2026-09-12T21:07:10Z
yt:QcCC-NHXVSc,youtube,sentence,QcCC-NHXVSc,ประโยคภาษามือ ชุดที่ 1 และ 2,title,raw_data/sentence_level/youtube_sentence/yt_QcCC-NHXVSc.mp4,yt_QcCC-NHXVSc.mp4,45056218,092b35eb97cf661b6ddf544e70579a3d9bf552109066455998423ccdbc59f369,483.184,1280,720,24.818,h264,aac,,,,,,,,,ธนิก ประชานันท์,UCFQawy_j7DrQ56IgPT6TC7Q,,,https://www.youtube.com/watch?v=QcCC-NHXVSc,2026-09-09T18:48:17Z,2026-09-12T20:58:59Z
yt:Rn5clejE1Wg,youtube,sentence,Rn5clejE1Wg,สอนภาษามือเกี่ยวกับประโยคที่ใช้ในกิจวัตรประจำวัน,title,raw_data/sentence_level/youtube_sentence/yt_Rn5clejE1Wg.mp4,yt_Rn5clejE1Wg.mp4,30510061,f1157ec8efa5d6da859c88d937e9eb1defad71f136b5602bbda3e1eb1cfe5973,259.135,1280,720,59.9401,h264,aac,,,,,,,,,Kedmanee Thanee,UCR0N2yKHigS4grpCuy15jqg,,,https://www.youtube.com/watch?v=Rn5clejE1Wg,2026-09-09T18:48:17Z,2026-09-12T20:56:18Z
yt:SWXKJ-58vIo,youtube,sentence,SWXKJ-58vIo,เรียนรู้ภาษามือในการติดต่อซื้อขายสินค้าเข้าใจง่ายใน 3 นาที!!! ( workclass ),title,raw_data/sentence_level/youtube_sentence/yt_SWXKJ-58vIo.mp4,yt_SWXKJ-58vIo.mp4,20763805,d0af939bfab5b4703470377d30b97bf06f592eb0a0d56f03df3a951d0135f6cc,184.877,1280,720,30.0,h264,aac,,,,,,,,,One2TanG,UCbBJIyhses_93VHFnxmjeQA,,,https://www.youtube.com/watch?v=SWXKJ-58vIo,2026-09-09T18:48:17Z,2026-09-12T21:08:10Z
yt:T0fsebTSbI4,youtube,sentence,T0fsebTSbI4,ภาษามือ วัน,title,raw_data/sentence_level/youtube_sentence/yt_T0fsebTSbI4.mp4,yt_T0fsebTSbI4.mp4,15176832,74519d09d9371a63dabccd76b6f975d8478ddc699c443193dd6e90ddd91cef6c,106.301,1280,566,30.0,h264,aac,,,,,,,,,Sotpattana “โรงเรียนอนุบาลโสตพัฒนา”,UC8Pf1j2exNQBtAlGDK-dqug,,,https://www.youtube.com/watch?v=T0fsebTSbI4,2026-09-09T18:48:17Z,2026-09-12T21:07:31Z
yt:T1WjItrHFhk,youtube,sentence,T1WjItrHFhk,ภาษามือไทย-หมวดทักทาย-ขอบคุณ 1,title,raw_data/sentence_level/youtube_sentence/yt_T1WjItrHFhk.mp4,yt_T1WjItrHFhk.mp4,204994,56f5edb40b5cc270eda876219921ebcf6e13b470d3f9431cb55a0d32b901dbb1,2.647,640,480,25.0,h264,aac,,,,,,,,,Manuttapong Treepanit,UCEm9-2MZ5aCAyOnNcALPqBQ,,,https://www.youtube.com/watch?v=T1WjItrHFhk,2026-09-09T18:48:17Z,2026-09-12T21:09:07Z
yt:UAHL0C-6Kws,youtube,sentence,UAHL0C-6Kws,ภาษามือไทยในชีวิตประจำวัน/หมวดกิริยาอาการ/ถอดเสื้อ,title,raw_data/sentence_level/youtube_sentence/yt_UAHL0C-6Kws.mp4,yt_UAHL0C-6Kws.mp4,441299,3bb5049d57a0d13d6f4f59005856a380d1ac5560a78a0e83d0ae99ef10cdfb33,5.132,1280,720,29.97,h264,aac,,,,,,,,,Anuchit Jampamoon,UC4l_sGL278g-ZMMD2qmWU3Q,,,https://www.youtube.com/watch?v=UAHL0C-6Kws,2026-09-09T18:48:17Z,2026-09-12T21:08:04Z
yt:VZVJr35PZxE,youtube,sentence,VZVJr35PZxE,ภาษามือไทยในชีวิตประจำวัน/หมวดกิริยาอาการ/ตกลง,title,raw_data/sentence_level/youtube_sentence/yt_VZVJr35PZxE.mp4,yt_VZVJr35PZxE.mp4,412772,eba19bd9c72053a1aa0c9323189fa95c4008082afb200e1a7325ce371b9e5bca,5.132,1280,720,29.97,h264,aac,,,,,,,,,Anuchit Jampamoon,UC4l_sGL278g-ZMMD2qmWU3Q,,,https://www.youtube.com/watch?v=VZVJr35PZxE,2026-09-09T18:48:17Z,2026-09-12T21:02:30Z
yt:ZT3vlVrSLic,youtube,sentence,ZT3vlVrSLic,ภาษามือ EP2 ตอน “วัน. เวลา. สัปดาห์. เดือน. ปี”,title,raw_data/sentence_level/youtube_sentence/yt_ZT3vlVrSLic.mp4,yt_ZT3vlVrSLic.mp4,83081594,fd0c1a7549b7ab51a1476c11eae7b20e50d2243bc109541dc284ca7fa85c0215,540.119,1280,720,30.0,h264,aac,,,,,,,,,นกเอี้ยง เสียงทอง,UCQlG7EDI3nPvxF-XTGGwhLA,,,https://www.youtube.com/watch?v=ZT3vlVrSLic,2026-09-09T18:48:41Z,2026-09-12T21:13:50Z
yt:ahdsQBLfwmo,youtube,sentence,ahdsQBLfwmo,5 ประโยคถาม-ตอบภาษามือลายูที่ใช้ในชีวิตประจำวัน (01),title,raw_data/sentence_level/youtube_sentence/yt_ahdsQBLfwmo.mp4,yt_ahdsQBLfwmo.mp4,7986066,ece0ccf8e70c626b2862f8b753f3a65a1d1581ea954a6b78c8b3b2b3d22d139a,187.71,1280,720,30.0,h264,aac,,,,,,,,,Reeda the mask,UCdNmSCmFJ4RqXOMNFEkZfTQ,,,https://www.youtube.com/watch?v=ahdsQBLfwmo,2026-09-09T18:48:17Z,2026-09-12T20:56:59Z
yt:aohmWaIsAd0,youtube,sentence,aohmWaIsAd0,ภาษามือง่ายๆในชีวิตประจำวัน,title,raw_data/sentence_level/youtube_sentence/yt_aohmWaIsAd0.mp4,yt_aohmWaIsAd0.mp4,18284354,18d3ae2d832cff8cf95bff617cfd9ab9a83377ad00458d4d6568793474b2c45c,211.418,1280,720,29.97,h264,aac,,,,,,,,,tanadol simma,UC5Kf98V-4AFblmeYOJglD0Q,,,https://www.youtube.com/watch?v=aohmWaIsAd0,2026-09-09T18:48:17Z,2026-09-12T21:07:46Z
yt:bIkvGrq6gm4,youtube,sentence,bIkvGrq6gm4,ภาษามือไทยในชีวิตประจำวัน/หมวดกิริยาอาการ/ขอ,title,raw_data/sentence_level/youtube_sentence/yt_bIkvGrq6gm4.mp4,yt_bIkvGrq6gm4.mp4,239070,91ec990acc6a63dd49c3224240cdd15f6bfa27c02f739d1ea797581a4d859137,4.133,1280,720,29.97,h264,aac,,,,,,,,,อนุชิต จำปามูล,UCa1imDru9J8Y7UBlHzPZIdQ,,,https://www.youtube.com/watch?v=bIkvGrq6gm4,2026-09-09T18:48:41Z,2026-09-12T21:15:00Z
yt:bLTz5p5faGw,youtube,sentence,bLTz5p5faGw,เรียนภาษามือกัน เอาไป 7 คำที่ได้ใช้บ่อยค่ะ,title,raw_data/sentence_level/youtube_sentence/yt_bLTz5p5faGw.mp4,yt_bLTz5p5faGw.mp4,23718849,3c7e2b5614b540997abf77ee293ea8cdb91cc6c2a6ecb9b9cca88914ef47574c,87.075,1280,720,30.0,h264,aac,,,,,,,,,Jarunee Sinchairojkul เก๋ไก๋ไฮเทค,UCtpgywheeHKNxENpuAqEI-g,,,https://www.youtube.com/watch?v=bLTz5p5faGw,2026-09-09T18:48:17Z,2026-09-12T21:00:47Z
yt:clP0z9-8sqk,youtube,sentence,clP0z9-8sqk,ภาษามือไทยในชีวิตประจำวัน/หมวดกิริยาอาการ/ปิดประตู,title,raw_data/sentence_level/youtube_sentence/yt_clP0z9-8sqk.mp4,yt_clP0z9-8sqk.mp4,361972,f4cb651d839281ac275365c61a36d349b81e0fc8c7f01853927f888020e548ba,5.132,1280,720,29.97,h264,aac,,,,,,,,,Anuchit Jampamoon,UC4l_sGL278g-ZMMD2qmWU3Q,,,https://www.youtube.com/watch?v=clP0z9-8sqk,2026-09-09T18:48:41Z,2026-09-12T21:14:15Z
yt:e-GLScxSezk,youtube,sentence,e-GLScxSezk,ภาษามือ คำศัพท์ ในชีวิตประจำวัน,title,raw_data/sentence_level/youtube_sentence/yt_e-GLScxSezk.mp4,yt_e-GLScxSezk.mp4,79834092,3f54c64d643f9a5325be1252ef560a6cb1c00408279f4a04d9a8bbba692d5377,484.229,1280,720,30.0,h264,aac,,,,,,,,,ดร.บุษบา ตาไว,UCkFgpnxJmZGf7jbrLtbav5A,,,https://www.youtube.com/watch?v=e-GLScxSezk,2026-09-09T18:48:17Z,2026-09-12T21:03:29Z
yt:e_V9nkS4hDA,youtube,sentence,e_V9nkS4hDA,ภาษามือเบื้องต้น สวัสดี/สบายดีไหม/ขอบคุณค่ะ,title,raw_data/sentence_level/youtube_sentence/yt_e_V9nkS4hDA.mp4,yt_e_V9nkS4hDA.mp4,23314089,bbb6912d8e4725f856b1899406ff93bd8288ed1b39d2e28ac189e189ffe97a56,183.438,1280,720,30.0,h264,aac,,,,,,,,,Aon_Jitladdawan,UCyDRUjUCW_E-qOYHeNIMKWQ,,,https://www.youtube.com/watch?v=e_V9nkS4hDA,2026-09-09T18:48:17Z,2026-09-12T21:04:42Z
yt:elMBUISYurg,youtube,sentence,elMBUISYurg,ภาษามือไทยในชีวิตประจำวัน/หมวดกิริยาอาการ/กอด,title,raw_data/sentence_level/youtube_sentence/yt_elMBUISYurg.mp4,yt_elMBUISYurg.mp4,371154,a097316a7dcdb42207f8a1463c3f91e8b3d6e524f9e806319fbff5755b7b2f9d,5.132,1280,720,29.97,h264,aac,,,,,,,,,อนุชิต จำปามูล,UCa1imDru9J8Y7UBlHzPZIdQ,,,https://www.youtube.com/watch?v=elMBUISYurg,2026-09-09T18:48:17Z,2026-09-12T21:03:59Z
yt:faff8qVWrhM,youtube,sentence,faff8qVWrhM,ภาษามือง่ายๆ ใช้ในชีวิตประจำวัน,title,raw_data/sentence_level/youtube_sentence/yt_faff8qVWrhM.mp4,yt_faff8qVWrhM.mp4,17022012,d17454383c72e58545f124086824f05a6282f7639788544b72adcb859227461b,193.515,854,480,30.0,h264,aac,,,,,,,,,พิณแพรครูแนะแนว,UCc4z-lppNt25KrG69HxlFMg,,,https://www.youtube.com/watch?v=faff8qVWrhM,2026-09-09T18:48:17Z,2026-09-12T21:06:06Z
yt:i34QmHnVqGU,youtube,sentence,i34QmHnVqGU,ภาษามือไทยในชีวิตประจำวัน/หมวดกิริยาอาการ/จ่ายเงิน,title,raw_data/sentence_level/youtube_sentence/yt_i34QmHnVqGU.mp4,yt_i34QmHnVqGU.mp4,370809,ab7c30967ed4937a836f62cacab4a8c4d892a9e820c726792ece4914fbdc0a8e,6.107,1280,720,29.97,h264,aac,,,,,,,,,Anuchit Jampamoon,UC4l_sGL278g-ZMMD2qmWU3Q,,,https://www.youtube.com/watch?v=i34QmHnVqGU,2026-09-09T18:48:17Z,2026-09-12T21:01:40Z
yt:i6P-V-xAlnc,youtube,sentence,i6P-V-xAlnc,ภาษามือไทย-หมวดวันเดือนปี-ธันวาคม,title,raw_data/sentence_level/youtube_sentence/yt_i6P-V-xAlnc.mp4,yt_i6P-V-xAlnc.mp4,260568,aee95cd458c70fe7a2a8f245cc4e454e2658fa5a4d04504c1f14eaa780c51c35,3.483,640,480,25.0,h264,aac,,,,,,,,,Manuttapong Treepanit,UCEm9-2MZ5aCAyOnNcALPqBQ,,,https://www.youtube.com/watch?v=i6P-V-xAlnc,2026-09-09T18:48:17Z,2026-09-12T20:59:46Z
yt:ipRgoY1p3ao,youtube,sentence,ipRgoY1p3ao,ภาษามือรูปประโยค,title,raw_data/sentence_level/youtube_sentence/yt_ipRgoY1p3ao.mp4,yt_ipRgoY1p3ao.mp4,11369062,f9a62a7123601a54ffd39504b3aacfa67294eebb7aa0a4d7280af79d44a3a082,153.53,640,480,25.0,h264,aac,,,,,,,,,nopparatchannel,UCjf3wb0XSyEkpS66lepJJ3Q,,,https://www.youtube.com/watch?v=ipRgoY1p3ao,2026-09-09T18:48:17Z,2026-09-12T20:56:53Z
yt:mWST_s-JDNE,youtube,sentence,mWST_s-JDNE,ภาษามือไทยในชีวิตประจำวัน/หมวดร่างกาย/หัวใจ,title,raw_data/sentence_level/youtube_sentence/yt_mWST_s-JDNE.mp4,yt_mWST_s-JDNE.mp4,407343,c87d8f0eef9ffec97470ee0bb964ffa41902387465780d7fd4ae39af9256aac6,5.132,1280,720,29.97,h264,aac,,,,,,,,,อนุชิต จำปามูล,UCa1imDru9J8Y7UBlHzPZIdQ,,,https://www.youtube.com/watch?v=mWST_s-JDNE,2026-09-09T18:48:41Z,2026-09-12T21:14:43Z
yt:nlHEFX3Cgc8,youtube,sentence,nlHEFX3Cgc8,ภาษามือ คนหูหนวก กับ คำศัพท์ ในโลกออนไลน์,title,raw_data/sentence_level/youtube_sentence/yt_nlHEFX3Cgc8.mp4,yt_nlHEFX3Cgc8.mp4,193523533,300fb95adb8667cf340e5faaad43e015fc3f02de0e4b8c035486e3c29974eb6a,641.474,1280,720,30.0,h264,aac,,,,,,,,,ดร.บุษบา ตาไว,UCpraHdO8phtdv8S98lag8rg,,,https://www.youtube.com/watch?v=nlHEFX3Cgc8,2026-09-09T18:48:41Z,2026-09-12T21:12:50Z
yt:ntGjlmyQ6vY,youtube,sentence,ntGjlmyQ6vY,ภาษามือไทยในชีวิตประจำวัน/หมวดกิริยาอาการ/โกหก,title,raw_data/sentence_level/youtube_sentence/yt_ntGjlmyQ6vY.mp4,yt_ntGjlmyQ6vY.mp4,267232,a9102b6de818100ed4243897796cdfb44270ec574958dae9fdc018e6ed2f63da,4.133,1280,720,29.97,h264,aac,,,,,,,,,อนุชิต จำปามูล,UCa1imDru9J8Y7UBlHzPZIdQ,,,https://www.youtube.com/watch?v=ntGjlmyQ6vY,2026-09-09T18:48:17Z,2026-09-12T21:02:59Z
yt:p6H0gswx7RM,youtube,sentence,p6H0gswx7RM,7 ประโยคบอกความรู้สึกด้วยภาษามือ,title,raw_data/sentence_level/youtube_sentence/yt_p6H0gswx7RM.mp4,yt_p6H0gswx7RM.mp4,23184393,80206db739512091fd83ad0529f10a2c36b9590535e1c8537134e4ce883b6de9,194.769,1280,720,29.97,h264,aac,,,,,,,,,Tanwa Thanachot,UCxwvEUVJCLRy5y-cYWdff5A,,,https://www.youtube.com/watch?v=p6H0gswx7RM,2026-09-09T18:48:17Z,2026-09-12T20:59:25Z
yt:p_bg1ELpEVs,youtube,sentence,p_bg1ELpEVs,ประโยคภาษามือง่ายๆที่ใช้ในสถานการณ์ต่างๆ,title,raw_data/sentence_level/youtube_sentence/yt_p_bg1ELpEVs.mp4,yt_p_bg1ELpEVs.mp4,19995805,0843628a41336d8ca3260bd9702181ebca2a0e21a04d5cf7369bd53e77275c78,189.382,1280,720,59.9401,h264,aac,,,,,,,,,ศุภกร เจริญผล,UCK7C7ZiDq0IUmDqomuePaKA,,,https://www.youtube.com/watch?v=p_bg1ELpEVs,2026-09-09T18:48:17Z,2026-09-12T20:58:25Z
yt:qEy4bR-895U,youtube,sentence,qEy4bR-895U,Ep.5 ภาษามือ 20 ศัพท์ใคร่รู้ หมวดหมู่ “การบอกทาง”,title,raw_data/sentence_level/youtube_sentence/yt_qEy4bR-895U.mp4,yt_qEy4bR-895U.mp4,18242888,f4bac8fb323b9fcc1323dceabce22947376eafe60a00679ce2a7aa2e201623fc,192.586,1280,720,59.9401,h264,aac,,,,,,,,,Learn Sign Lang,UCiHEfoP7wm4u72155nYnDnw,,,https://www.youtube.com/watch?v=qEy4bR-895U,2026-09-09T18:48:17Z,2026-09-12T21:08:42Z
yt:qlbyt94VEHI,youtube,sentence,qlbyt94VEHI,ภาษามือไทยในชีวิตประจำวัน/หมวดกิริยาอาการ/ทำงาน,title,raw_data/sentence_level/youtube_sentence/yt_qlbyt94VEHI.mp4,yt_qlbyt94VEHI.mp4,344822,a6c3f0523e9b830ba2924b0d574ae95293dfca924d56de48ecbcb815942ccd55,6.13,1280,720,29.97,h264,aac,,,,,,,,,Anuchit Jampamoon,UC4l_sGL278g-ZMMD2qmWU3Q,,,https://www.youtube.com/watch?v=qlbyt94VEHI,2026-09-09T18:48:17Z,2026-09-12T21:01:58Z
yt:v0QizsCMfvg,youtube,sentence,v0QizsCMfvg,"ภาษามือไทยในชีวิตประจำวัน/หมวดสี,กลิ่น,รส/สีเงิน",title,raw_data/sentence_level/youtube_sentence/yt_v0QizsCMfvg.mp4,yt_v0QizsCMfvg.mp4,825958,966918b6df78f61f0fbc3e4d3e81c21846afbdc10b14cf162f208ad8cba43f37,5.108,1280,720,29.97,h264,aac,,,,,,,,,อนุชิต จำปามูล,UCa1imDru9J8Y7UBlHzPZIdQ,,,https://www.youtube.com/watch?v=v0QizsCMfvg,2026-09-09T18:48:41Z,2026-09-12T21:10:45Z
yt:xs9Rbtro2Xc,youtube,sentence,xs9Rbtro2Xc,ภาษามือที่ใช้ในชีวิตประจำวัน,title,raw_data/sentence_level/youtube_sentence/yt_xs9Rbtro2Xc.mp4,yt_xs9Rbtro2Xc.mp4,10781457,c32550aca37e710e69e4f2a1f9a19352ce1c755042d4e039b65b2007139cea34,180.558,854,468,24.0,h264,aac,,,,,,,,,Chadaporn Padsai,UCw6aODXEHOqH4_HxBxVdLPw,,,https://www.youtube.com/watch?v=xs9Rbtro2Xc,2026-09-09T18:48:17Z,2026-09-12T21:02:33Z
yt:zBPSQ2S_8Fg,youtube,sentence,zBPSQ2S_8Fg,แนะนำตัวด้วยภาษามือ #thai60,title,raw_data/sentence_level/youtube_sentence/yt_zBPSQ2S_8Fg.mp4,yt_zBPSQ2S_8Fg.mp4,6882916,490d004172a0f85863ef9749505566b647c537bf4b08a7756d14b5c33a38371b,106.51,626,360,24.0625,vp9,aac,,,,,,,,,อภิญญา ศิริพจนานนท์,UCE4H4LRUHbq8j8bN6zTK4wQ,,,https://www.youtube.com/watch?v=zBPSQ2S_8Fg,2026-09-09T18:48:17Z,2026-09-12T21:00:21Z
yt:zk18IhYYrMo,youtube,sentence,zk18IhYYrMo,ภาษามือ เที่ยวรอบโลกได้จริงเปล่า? #เรื่องง่าย5Minutes | Point of View,title,raw_data/sentence_level/youtube_sentence/yt_zk18IhYYrMo.mp4,yt_zk18IhYYrMo.mp4,63695777,e660794329a96165b01434e3b8fad61cb4fbc88d7f1c64ef86dc9aad552e4b1e,377.301,1280,720,25.0,h264,aac,,,,,,,,,Point of View,UCNE22OylcFlH2An56rqLwVw,,,https://www.youtube.com/watch?v=zk18IhYYrMo,2026-09-09T18:48:17Z,2026-09-12T20:58:39Z
yt:zoW-TRJe4kA,youtube,sentence,zoW-TRJe4kA,การกล่าวทักทาย (การสวัสดี) โดยการใช้ภาษามือ,title,raw_data/sentence_level/youtube_sentence/yt_zoW-TRJe4kA.mp4,yt_zoW-TRJe4kA.mp4,22103182,8a4b132decbd38e7f49ea720ca7e236b08cafc7406fc54686b7977ce84a1caac,208.98,1280,720,59.9401,h264,aac,,,,,,,,,มลฤดี ทองอ้วน,UCURL_7xI4RIghGYavXoUH0A,,,https://www.youtube.com/watch?v=zoW-TRJe4kA,2026-09-09T18:48:17Z,2026-09-12T21:06:50Z
