set,letter,top1,ok,ok3
en,B,B,True,True
en,C,D,False,False
en,E,E,True,True
en,F,F,True,True
en,G,G,True,True
en,I,I,True,True
en,K,K,True,True
en,L,L,True,True
en,N,M,False,True
en,O,O,True,True
en,P,Q,False,True
en,Q,Q,True,True
en,R,U,False,True
en,S,S,True,True
en,T,T,True,True
en,U,V,False,True
en,V,W,False,False
en,W,W,True,True
en,X,X,True,True
en,Y,Y,True,True
en,A,T,False,True
en,B,B,True,True
en,C,C,True,True
en,D,D,True,True
en,E,E,True,True
en,F,F,True,True
en,G,G,True,True
en,H,G,False,False
en,I,I,True,True
en,K,K,True,True
en,L,L,True,True
en,N,N,True,True
en,O,O,True,True
en,R,R,True,True
en,S,S,True,True
en,T,T,True,True
en,U,U,True,True
en,V,V,True,True
en,W,W,True,True
en,Y,Y,True,True
en,Z,Z,True,True
en,A,S,False,True
en,B,B,True,True
en,C,B,False,True
en,E,O,False,True
en,F,B,False,True
en,G,G,True,True
en,H,H,True,True
en,I,I,True,True
en,J,J,True,True
en,K,T,False,True
en,L,L,True,True
en,M,T,False,False
en,N,N,True,True
en,O,O,True,True
en,P,P,True,True
en,Q,Q,True,True
en,R,R,True,True
en,S,S,True,True
en,T,T,True,True
en,W,V,False,True
en,Y,Y,True,True
en,Z,Z,True,True
en,A,A,True,True
en,B,B,True,True
en,C,C,True,True
en,D,D,True,True
en,E,E,True,True
en,F,F,True,True
en,G,G,True,True
en,H,H,True,True
en,I,I,True,True
en,J,J,True,True
en,L,L,True,True
en,M,M,True,True
en,N,N,True,True
en,O,O,True,True
en,R,R,True,True
en,S,S,True,True
en,T,A,False,True
en,U,R,False,True
en,V,V,True,True
en,W,W,True,True
en,X,Z,False,True
en,Y,Y,True,True
en,A,A,True,True
en,B,B,True,True
en,C,C,True,True
en,D,D,True,True
en,E,E,True,True
en,F,F,True,True
en,G,G,True,True
en,H,H,True,True
en,I,I,True,True
en,K,K,True,True
en,L,L,True,True
en,M,S,False,True
en,N,N,True,True
en,O,O,True,True
en,R,R,True,True
en,S,S,True,True
en,T,T,True,True
en,U,R,False,True
en,W,W,True,True
en,X,X,True,True
en,Y,Y,True,True
en,A,T,False,True
en,B,T,False,False
en,C,B,False,True
en,E,E,True,True
en,F,F,True,True
en,H,G,False,True
en,I,I,True,True
en,K,K,True,True
en,L,L,True,True
en,M,M,True,True
en,N,S,False,False
en,O,O,True,True
en,R,R,True,True
en,S,S,True,True
en,T,T,True,True
en,U,R,False,True
en,V,V,True,True
en,W,W,True,True
en,Y,Y,True,True
en,A,A,True,True
en,B,B,True,True
en,C,C,True,True
en,D,D,True,True
en,E,E,True,True
en,F,F,True,True
en,G,G,True,True
en,H,H,True,True
en,I,I,True,True
en,J,J,True,True
en,K,K,True,True
en,L,L,True,True
en,M,S,False,True
en,O,O,True,True
en,P,P,True,True
en,Q,Q,True,True
en,R,R,True,True
en,S,S,True,True
en,V,V,True,True
en,W,W,True,True
en,X,X,True,True
en,Y,Y,True,True
en,A,A,True,True
en,C,C,True,True
en,D,D,True,True
en,E,E,True,True
en,F,F,True,True
en,G,G,True,True
en,H,H,True,True
en,I,I,True,True
en,J,J,True,True
en,N,N,True,True
en,O,O,True,True
en,P,P,True,True
en,Q,Q,True,True
en,R,R,True,True
en,S,S,True,True
en,T,T,True,True
en,W,V,False,False
en,Y,Y,True,True
en,Z,Z,True,True
en,A,A,True,True
en,B,B,True,True
en,C,C,True,True
en,D,D,True,True
en,E,E,True,True
en,F,F,True,True
en,G,G,True,True
en,H,H,True,True
en,I,I,True,True
en,J,J,True,True
en,K,K,True,True
en,L,L,True,True
en,M,M,True,True
en,N,N,True,True
en,O,O,True,True
en,R,U,False,True
en,S,S,True,True
en,T,T,True,True
en,U,U,True,True
en,V,V,True,True
en,W,W,True,True
en,X,X,True,True
en,Y,Y,True,True
en,Z,Z,True,True
en,B,O,False,False
en,C,C,True,True
en,E,E,True,True
en,F,F,True,True
en,G,G,True,True
en,H,H,True,True
en,I,I,True,True
en,J,J,True,True
en,L,L,True,True
en,M,M,True,True
en,N,N,True,True
en,O,O,True,True
en,Q,Q,True,True
en,R,R,True,True
en,S,A,False,True
en,T,M,False,False
en,U,R,False,True
en,V,U,False,True
en,W,W,True,True
en,X,X,True,True
th,ย,ย,True,True
th,ย,ย,True,True
th,ย,ย,True,True
th,ย,ย,True,True
th,ย,ย,True,True
th,ณ,ณ,True,True
th,ณ,ณ,True,True
th,ณ,ณ,True,True
th,ณ,ณ,True,True
th,ณ,ณ,True,True
th,ธ,ธ,True,True
th,ธ,ธ,True,True
th,ธ,ธ,True,True
th,ธ,ธ,True,True
th,ธ,ธ,True,True
th,ฌ,ฌ,True,True
th,ฌ,ฌ,True,True
th,ฌ,ฌ,True,True
th,ฌ,ฉ,False,True
th,ฌ,ฌ,True,True
th,ฒ,ฒ,True,True
th,ฒ,ฒ,True,True
th,ฒ,ฒ,True,True
th,ฒ,ฒ,True,True
th,ฒ,ฒ,True,True
th,พ,พ,True,True
th,พ,พ,True,True
th,พ,ศ,False,False
th,พ,พ,True,True
th,พ,พ,True,True
th,สระอู,สระอู,True,True
th,สระอู,สระอู,True,True
th,สระอู,สระอู,True,True
th,สระอู,สระอู,True,True
th,สระอู,สระอู,True,True
th,ฐ,ฐ,True,True
th,ฐ,ฐ,True,True
th,ฐ,ฐ,True,True
th,ฐ,ฐ,True,True
th,ฐ,ฐ,True,True
th,สระใอ,สระใอ,True,True
th,สระใอ,สระใอ,True,True
th,สระใอ,สระโอ,False,True
th,สระใอ,สระใอ,True,True
th,สระใอ,สระไอ,False,True
th,ข,ก,False,True
th,ข,ข,True,True
th,ข,ข,True,True
th,ข,ข,True,True
th,ข,ข,True,True
th,สระไอ,สระไอ,True,True
th,สระไอ,สระไอ,True,True
th,สระไอ,สระไอ,True,True
th,สระไอ,สระไอ,True,True
th,สระไอ,สระโอ,False,False
th,ก,ข,False,True
th,ก,ก,True,True
th,ก,ก,True,True
th,ก,ก,True,True
th,ก,ก,True,True
th,ฟ,ฟ,True,True
th,ฟ,ฟ,True,True
th,ฟ,ฟ,True,True
th,ฟ,ฟ,True,True
th,ฟ,ฟ,True,True
th,ฮ,ฮ,True,True
th,ฮ,ฮ,True,True
th,ฮ,ฮ,True,True
th,ฮ,ฮ,True,True
th,ฮ,ฮ,True,True
th,ฑ,ฑ,True,True
th,ฑ,ฑ,True,True
th,ฑ,ฑ,True,True
th,ฑ,ฑ,True,True
th,ฑ,ฑ,True,True
th,ฆ,ก,False,False
th,ฆ,ฆ,True,True
th,ฆ,ฆ,True,True
th,ฆ,ฆ,True,True
th,ฆ,ฆ,True,True
th,ผ,ผ,True,True
th,ผ,ผ,True,True
th,ผ,ผ,True,True
th,ผ,ผ,True,True
th,ผ,ผ,True,True
th,ต,ต,True,True
th,ต,ต,True,True
th,ต,ต,True,True
th,ต,อ,False,True
th,ต,ต,True,True
th,ด,ด,True,True
th,ด,ด,True,True
th,ด,ด,True,True
th,ด,ด,True,True
th,ด,ด,True,True
th,สระอิ,สระอิ,True,True
th,สระอิ,สระอิ,True,True
th,สระอิ,สระอิ,True,True
th,สระอิ,สระอิ,True,True
th,สระอิ,สระอิ,True,True
th,ม,ม,True,True
th,ม,ม,True,True
th,ม,ม,True,True
th,ม,ม,True,True
th,ม,ม,True,True
th,ส,ส,True,True
th,ส,ส,True,True
th,ส,ส,True,True
th,ส,ส,True,True
th,ส,ส,True,True
th,ฝ,ฝ,True,True
th,ฝ,ฝ,True,True
th,ฝ,ฝ,True,True
th,ฝ,ฝ,True,True
th,ฝ,ฝ,True,True
th,ช,ช,True,True
th,ช,ช,True,True
th,ช,ช,True,True
th,ช,ช,True,True
th,ช,ช,True,True
th,บ,บ,True,True
th,บ,บ,True,True
th,บ,บ,True,True
th,บ,บ,True,True
th,บ,บ,True,True
th,ร,ร,True,True
th,ร,ร,True,True
th,ร,ร,True,True
th,ร,ร,True,True
th,ร,ร,True,True
th,ฎ,ฎ,True,True
th,ฎ,ฎ,True,True
th,ฎ,ฎ,True,True
th,ฎ,ด,False,True
th,ฎ,ฎ,True,True
th,สระโอ,สระโอ,True,True
th,สระโอ,สระโอ,True,True
th,สระโอ,สระโอ,True,True
th,สระโอ,สระโอ,True,True
th,สระโอ,สระโอ,True,True
th,ป,ป,True,True
th,ป,ป,True,True
th,ป,ป,True,True
th,ป,ป,True,True
th,ป,ป,True,True
th,สระอุ,สระอุ,True,True
th,สระอุ,สระอี,False,True
th,สระอุ,สระอุ,True,True
th,สระอุ,สระอิ,False,True
th,สระอุ,สระอุ,True,True
th,ค,ค,True,True
th,ค,ค,True,True
th,ค,ค,True,True
th,ค,ก,False,True
th,ค,ค,True,True
th,ถ,ถ,True,True
th,ถ,ถ,True,True
th,ถ,ถ,True,True
th,ถ,ถ,True,True
th,ถ,ธ,False,True
th,ง,ง,True,True
th,ง,น,False,False
th,ง,ง,True,True
th,ง,ง,True,True
th,ง,ง,True,True
th,ล,ล,True,True
th,ล,ล,True,True
th,ล,ล,True,True
th,ล,ล,True,True
th,ล,ล,True,True
th,ห,ห,True,True
th,ห,ห,True,True
th,ห,ห,True,True
th,ห,ห,True,True
th,ห,ห,True,True
th,ฏ,ฏ,True,True
th,ฏ,ฏ,True,True
th,ฏ,ฏ,True,True
th,ฏ,ฏ,True,True
th,ฏ,ฏ,True,True
th,อ,อ,True,True
th,อ,อ,True,True
th,อ,อ,True,True
th,อ,อ,True,True
th,อ,อ,True,True
th,สระอี,สระอิ,False,True
th,สระอี,สระอี,True,True
th,สระอี,สระอี,True,True
th,สระอี,สระอี,True,True
th,สระอี,สระอิ,False,True
th,ฉ,ฉ,True,True
th,ฉ,ฉ,True,True
th,ฉ,ฉ,True,True
th,ฉ,ฉ,True,True
th,ฉ,ข,False,False
th,ญ,ญ,True,True
th,ญ,ญ,True,True
th,ญ,ญ,True,True
th,ญ,ญ,True,True
th,ญ,ญ,True,True
th,ศ,ศ,True,True
th,ศ,ศ,True,True
th,ศ,ศ,True,True
th,ศ,ศ,True,True
th,ศ,ศ,True,True
th,ว,ว,True,True
th,ว,ว,True,True
th,ว,ว,True,True
th,ว,ว,True,True
th,ว,ว,True,True
th,ซ,ซ,True,True
th,ซ,ซ,True,True
th,ซ,ซ,True,True
th,ซ,ซ,True,True
th,ซ,ซ,True,True
th,น,น,True,True
th,น,น,True,True
th,น,น,True,True
th,น,น,True,True
th,น,น,True,True
th,ษ,ษ,True,True
th,ษ,ษ,True,True
th,ษ,ษ,True,True
th,ษ,ษ,True,True
th,ษ,ษ,True,True
th,ท,ท,True,True
th,ท,ท,True,True
th,ท,ท,True,True
th,ท,ท,True,True
th,ท,ท,True,True
th,ฬ,ฬ,True,True
th,ฬ,ฬ,True,True
th,ฬ,ฬ,True,True
th,ฬ,ฬ,True,True
th,ฬ,ฬ,True,True
th,จ,จ,True,True
th,จ,จ,True,True
th,จ,จ,True,True
th,จ,จ,True,True
th,จ,จ,True,True
th,ภ,ภ,True,True
th,ภ,ภ,True,True
th,ภ,ภ,True,True
th,ภ,ภ,True,True
th,ภ,ภ,True,True
